episode_reward_max,episode_reward_min,episode_reward_mean,episode_len_mean,episodes_this_iter,num_healthy_workers,timesteps_total,timesteps_this_iter,agent_timesteps_total,done,episodes_total,training_iteration,trial_id,experiment_id,date,timestamp,time_this_iter_s,time_total_s,pid,hostname,node_ip,time_since_restore,timesteps_since_restore,iterations_since_restore,hist_stats/episode_reward,hist_stats/episode_lengths,timers/sample_time_ms,timers/sample_throughput,timers/load_time_ms,timers/load_throughput,timers/learn_time_ms,timers/learn_throughput,timers/update_time_ms,info/num_steps_sampled,info/num_agent_steps_sampled,info/num_steps_trained,info/num_agent_steps_trained,perf/cpu_util_percent,perf/ram_util_percent,perf/gpu_util_percent0,perf/vram_util_percent0,info/learner/default_policy/learner_stats/allreduce_latency,info/learner/default_policy/learner_stats/cur_kl_coeff,info/learner/default_policy/learner_stats/cur_lr,info/learner/default_policy/learner_stats/total_loss,info/learner/default_policy/learner_stats/policy_loss,info/learner/default_policy/learner_stats/vf_loss,info/learner/default_policy/learner_stats/vf_explained_var,info/learner/default_policy/learner_stats/kl,info/learner/default_policy/learner_stats/entropy,info/learner/default_policy/learner_stats/entropy_coeff
nan,nan,nan,nan,0,5,20000,0,20000,False,0,1,73e06_00000,d3bad251908341baa6eac6efead41b76,2023-12-17_08-17-49,1702779469,9.386093854904175,9.386093854904175,53224,HPC005,10.33.1.26,9.386093854904175,0,1,[],[],8326.722,2401.906,0.563,35514851.82,1063.727,18801.814,7.448,20000,20000,20000,20000,30.26923076923077,61.66923076923078,0.015384615384615385,0.017709585336538464,0.0,0.2,0.0005,108.34773254394531,-0.0004905349891615174,108.37013626098633,-1.8596649169921875e-05,0.0002977043453556861,2.196893095970154,0.01
-772.3078519304851,-803.2862326917268,-787.1218145293437,960.0,5,5,40000,0,40000,False,5,2,73e06_00000,d3bad251908341baa6eac6efead41b76,2023-12-17_08-17-59,1702779479,9.493077278137207,18.879171133041382,53224,HPC005,10.33.1.26,18.879171133041382,0,2,"[-781.7545581608005, -792.2293514887301, -803.2862326917268, -786.0310783749765, -772.3078519304851]","[960, 960, 960, 960, 960]",8969.343,2229.818,0.393,50840048.485,1015.501,19694.705,7.46,40000,40000,40000,40000,30.54615384615385,63.76923076923076,0.004615384615384616,0.017659505208333336,0.0,0.1,0.0005,86.6304931640625,-0.0005962688519618453,86.65299606323242,-0.0002949237823486328,0.0002914407663627827,2.193525791168213,0.01
-700.1392270168429,-803.2862326917268,-762.0208656035923,960.0,5,5,60000,0,60000,False,10,3,73e06_00000,d3bad251908341baa6eac6efead41b76,2023-12-17_08-18-08,1702779488,9.601548433303833,28.480719566345215,53224,HPC005,10.33.1.26,28.480719566345215,0,3,"[-781.7545581608005, -792.2293514887301, -803.2862326917268, -786.0310783749765, -772.3078519304851, -742.8489616617783, -745.1681274214914, -700.1392270168429, -744.3094208194906, -752.1338464696008]","[960, 960, 960, 960, 960, 960, 960, 960, 960, 960]",9181.598,2178.27,0.337,59269486.576,1005.489,19890.816,7.637,60000,60000,60000,60000,31.184615384615384,63.93846153846153,0.0038461538461538464,0.017722105368589737,0.0,0.05,0.0005,68.37345123291016,-0.0008135024807423008,68.39608764648438,0.00038743019104003906,0.00041559542108760006,2.184670567512512,0.01
-637.0223303834376,-803.2862326917268,-733.1501113284636,960.0,5,5,80000,0,80000,False,15,4,73e06_00000,d3bad251908341baa6eac6efead41b76,2023-12-17_08-18-18,1702779498,9.306726455688477,37.78744602203369,53224,HPC005,10.33.1.26,37.78744602203369,0,4,"[-781.7545581608005, -792.2293514887301, -803.2862326917268, -786.0310783749765, -772.3078519304851, -742.8489616617783, -745.1681274214914, -700.1392270168429, -744.3094208194906, -752.1338464696008, -665.6669155575324, -696.3624288689214, -676.2443926147431, -701.7469464663984, -637.0223303834376]","[960, 960, 960, 960, 960, 960, 960, 960, 960, 960, 960, 960, 960, 960, 960]",9220.651,2169.044,0.309,64739401.891,998.795,20024.121,7.694,80000,80000,80000,80000,29.774999999999995,63.974999999999994,0.008333333333333333,0.017740885416666664,0.0,0.025,0.0005,63.178558349609375,-0.000596395859865595,63.200815200805664,0.00016483664512634277,0.0005395428234620248,2.1671364307403564,0.01
-600.6292374602547,-803.2862326917268,-704.5352645694131,960.0,5,5,100000,0,100000,False,20,5,73e06_00000,d3bad251908341baa6eac6efead41b76,2023-12-17_08-18-27,1702779507,9.34875774383545,47.13620376586914,53224,HPC005,10.33.1.26,47.13620376586914,0,5,"[-781.7545581608005, -792.2293514887301, -803.2862326917268, -786.0310783749765, -772.3078519304851, -742.8489616617783, -745.1681274214914, -700.1392270168429, -744.3094208194906, -752.1338464696008, -665.6669155575324, -696.3624288689214, -676.2443926147431, -701.7469464663984, -637.0223303834376, -611.3058942270917, -600.6292374602547, -641.9985314031607, -605.3168576352809, -634.2031007355184]","[960, 960, 960, 960, 960, 960, 960, 960, 960, 960, 960, 960, 960, 960, 960, 960, 960, 960, 960, 960]",9250.843,2161.965,0.29,68871986.864,994.332,20114.003,7.794,100000,100000,100000,100000,29.615384615384617,63.92307692307691,0.005384615384615385,0.017740885416666664,0.0,0.0125,0.0005,50.88736152648926,-0.0007690582277248836,50.90950965881348,-0.0004519820213317871,0.0006269479961171776,2.1390477418899536,0.01
-548.2529316900701,-803.2862326917268,-677.7260692828739,960.0,5,5,120000,0,120000,False,25,6,73e06_00000,d3bad251908341baa6eac6efead41b76,2023-12-17_08-18-36,1702779516,9.340839385986328,56.47704315185547,53224,HPC005,10.33.1.26,56.47704315185547,0,6,"[-781.7545581608005, -792.2293514887301, -803.2862326917268, -786.0310783749765, -772.3078519304851, -742.8489616617783, -745.1681274214914, -700.1392270168429, -744.3094208194906, -752.1338464696008, -665.6669155575324, -696.3624288689214, -676.2443926147431, -701.7469464663984, -637.0223303834376, -611.3058942270917, -600.6292374602547, -641.9985314031607, -605.3168576352809, -634.2031007355184, -568.1302134887666, -548.2529316900701, -571.2337530169756, -572.7596425954753, -592.0698998922978]","[960, 960, 960, 960, 960, 960, 960, 960, 960, 960, 960, 960, 960, 960, 960, 960, 960, 960, 960, 960, 960, 960, 960, 960, 960]",9269.716,2157.564,0.279,71646474.021,991.371,20174.073,7.983,120000,120000,120000,120000,29.649999999999995,63.92499999999999,0.01,0.017740885416666664,0.0,0.00625,0.0005,47.988037109375,-0.0010479411847903464,48.01007270812988,0.0003388822078704834,0.0007351813762295212,2.0987441539764404,0.01
-548.2529316900701,-803.2862326917268,-677.7260692828739,960.0,0,5,140000,0,140000,False,25,7,73e06_00000,d3bad251908341baa6eac6efead41b76,2023-12-17_08-18-46,1702779526,9.265583038330078,65.74262619018555,53224,HPC005,10.33.1.26,65.74262619018555,0,7,"[-781.7545581608005, -792.2293514887301, -803.2862326917268, -786.0310783749765, -772.3078519304851, -742.8489616617783, -745.1681274214914, -700.1392270168429, -744.3094208194906, -752.1338464696008, -665.6669155575324, -696.3624288689214, -676.2443926147431, -701.7469464663984, -637.0223303834376, -611.3058942270917, -600.6292374602547, -641.9985314031607, -605.3168576352809, -634.2031007355184, -568.1302134887666, -548.2529316900701, -571.2337530169756, -572.7596425954753, -592.0698998922978]","[960, 960, 960, 960, 960, 960, 960, 960, 960, 960, 960, 960, 960, 960, 960, 960, 960, 960, 960, 960, 960, 960, 960, 960, 960]",9274.815,2156.377,0.289,69270090.834,986.881,20265.873,7.897,140000,140000,140000,140000,29.683333333333334,63.9,0.011666666666666667,0.017740885416666664,0.0,0.003125,0.0005,36.24918556213379,-0.0013671137098221209,36.270986557006836,-0.00020253658294677734,0.0008607462108146668,2.0435118675231934,0.01
-438.0737930601513,-803.2862326917268,-643.7439763657876,960.0,5,5,160000,0,160000,False,30,8,73e06_00000,d3bad251908341baa6eac6efead41b76,2023-12-17_08-18-55,1702779535,9.34660029411316,75.0892264842987,53224,HPC005,10.33.1.26,75.0892264842987,0,8,"[-781.7545581608005, -792.2293514887301, -803.2862326917268, -786.0310783749765, -772.3078519304851, -742.8489616617783, -745.1681274214914, -700.1392270168429, -744.3094208194906, -752.1338464696008, -665.6669155575324, -696.3624288689214, -676.2443926147431, -701.7469464663984, -637.0223303834376, -611.3058942270917, -600.6292374602547, -641.9985314031607, -605.3168576352809, -634.2031007355184, -568.1302134887666, -548.2529316900701, -571.2337530169756, -572.7596425954753, -592.0698998922978, -438.0737930601513, -469.43807212421984, -489.88790625672, -495.44065467356165, -476.32713278712555]","[960, 960, 960, 960, 960, 960, 960, 960, 960, 960, 960, 960, 960, 960, 960, 960, 960, 960, 960, 960, 960, 960, 960, 960, 960, 960, 960, 960, 960, 960]",9286.518,2153.66,0.28,71476050.698,983.463,20336.292,7.907,160000,160000,160000,160000,29.976923076923075,63.92307692307692,0.006923076923076922,0.017740885416666664,0.0,0.0015625,0.0005,21.95337963104248,-0.001463416446000565,21.97456455230713,-0.0006207823753356934,0.0009310619817988197,1.9722571969032288,0.01
-386.09605674451166,-803.2862326917268,-609.6196408195681,960.0,5,5,180000,0,180000,False,35,9,73e06_00000,d3bad251908341baa6eac6efead41b76,2023-12-17_08-19-04,1702779544,9.298953533172607,84.38818001747131,53224,HPC005,10.33.1.26,84.38818001747131,0,9,"[-781.7545581608005, -792.2293514887301, -803.2862326917268, -786.0310783749765, -772.3078519304851, -742.8489616617783, -745.1681274214914, -700.1392270168429, -744.3094208194906, -752.1338464696008, -665.6669155575324, -696.3624288689214, -676.2443926147431, -701.7469464663984, -637.0223303834376, -611.3058942270917, -600.6292374602547, -641.9985314031607, -605.3168576352809, -634.2031007355184, -568.1302134887666, -548.2529316900701, -571.2337530169756, -572.7596425954753, -592.0698998922978, -438.0737930601513, -469.43807212421984, -489.88790625672, -495.44065467356165, -476.32713278712555, -396.14310991289284, -386.09605674451166, -426.1108789918229, -408.6237760060219, -407.39431605601266]","[960, 960, 960, 960, 960, 960, 960, 960, 960, 960, 960, 960, 960, 960, 960, 960, 960, 960, 960, 960, 960, 960, 960, 960, 960, 960, 960, 960, 960, 960, 960, 960, 960, 960, 960]",9288.563,2153.186,0.272,73412555.426,982.616,20353.836,7.861,180000,180000,180000,180000,30.09166666666667,64.15,0.0025,0.017605251736111115,0.0,0.00078125,0.0005,15.010182857513428,-0.0008920890789472224,15.029970169067383,0.00027865171432495117,0.0008589851842168983,1.889641523361206,0.01
-329.7880518810301,-803.2862326917268,-576.8893285544212,960.0,5,5,200000,0,200000,False,40,10,73e06_00000,d3bad251908341baa6eac6efead41b76,2023-12-17_08-19-14,1702779554,9.35000491142273,93.73818492889404,53224,HPC005,10.33.1.26,93.73818492889404,0,10,"[-781.7545581608005, -792.2293514887301, -803.2862326917268, -786.0310783749765, -772.3078519304851, -742.8489616617783, -745.1681274214914, -700.1392270168429, -744.3094208194906, -752.1338464696008, -665.6669155575324, -696.3624288689214, -676.2443926147431, -701.7469464663984, -637.0223303834376, -611.3058942270917, -600.6292374602547, -641.9985314031607, -605.3168576352809, -634.2031007355184, -568.1302134887666, -548.2529316900701, -571.2337530169756, -572.7596425954753, -592.0698998922978, -438.0737930601513, -469.43807212421984, -489.88790625672, -495.44065467356165, -476.32713278712555, -396.14310991289284, -386.09605674451166, -426.1108789918229, -408.6237760060219, -407.39431605601266, -357.15815364402874, -343.8834082999242, -329.7880518810301, -353.35945899924576, -354.69664066773436]","[960, 960, 960, 960, 960, 960, 960, 960, 960, 960, 960, 960, 960, 960, 960, 960, 960, 960, 960, 960, 960, 960, 960, 960, 960, 960, 960, 960, 960, 960, 960, 960, 960, 960, 960, 960, 960, 960, 960, 960]",9297.141,2151.199,0.267,74978619.95,981.583,20375.258,8.0,200000,200000,200000,200000,29.753846153846155,64.37692307692306,0.013846153846153845,0.017415364583333336,0.0,0.000390625,0.0005,11.598384380340576,-0.0011911857737221254,11.61762523651123,-5.1915645599365234e-05,0.0007100360014437035,1.8049883842468262,0.01
-249.4314439698044,-803.2862326917268,-544.0217074817563,960.0,5,5,220000,0,220000,False,45,11,73e06_00000,d3bad251908341baa6eac6efead41b76,2023-12-17_08-19-23,1702779563,9.256989002227783,102.99517393112183,53224,HPC005,10.33.1.26,102.99517393112183,0,11,"[-781.7545581608005, -792.2293514887301, -803.2862326917268, -786.0310783749765, -772.3078519304851, -742.8489616617783, -745.1681274214914, -700.1392270168429, -744.3094208194906, -752.1338464696008, -665.6669155575324, -696.3624288689214, -676.2443926147431, -701.7469464663984, -637.0223303834376, -611.3058942270917, -600.6292374602547, -641.9985314031607, -605.3168576352809, -634.2031007355184, -568.1302134887666, -548.2529316900701, -571.2337530169756, -572.7596425954753, -592.0698998922978, -438.0737930601513, -469.43807212421984, -489.88790625672, -495.44065467356165, -476.32713278712555, -396.14310991289284, -386.09605674451166, -426.1108789918229, -408.6237760060219, -407.39431605601266, -357.15815364402874, -343.8834082999242, -329.7880518810301, -353.35945899924576, -354.69664066773436, -249.4314439698044, -276.97719841359566, -295.4281027389723, -305.68204193656294, -277.8849074432502]","[960, 960, 960, 960, 960, 960, 960, 960, 960, 960, 960, 960, 960, 960, 960, 960, 960, 960, 960, 960, 960, 960, 960, 960, 960, 960, 960, 960, 960, 960, 960, 960, 960, 960, 960, 960, 960, 960, 960, 960, 960, 960, 960, 960, 960]",9394.534,2128.898,0.232,86160723.09,970.385,20610.382,8.018,220000,220000,220000,220000,29.358333333333334,64.29166666666666,0.0025,0.017415364583333336,0.0,0.0001953125,0.0005,6.456454515457153,-0.0010479042215258971,6.474732398986816,-0.00016051530838012695,0.00060021427108084,1.7230283617973328,0.01
-207.2564325149209,-803.2862326917268,-512.9629050916155,960.0,5,5,240000,0,240000,False,50,12,73e06_00000,d3bad251908341baa6eac6efead41b76,2023-12-17_08-19-32,1702779572,9.367749214172363,112.36292314529419,53224,HPC005,10.33.1.26,112.36292314529419,0,12,"[-781.7545581608005, -792.2293514887301, -803.2862326917268, -786.0310783749765, -772.3078519304851, -742.8489616617783, -745.1681274214914, -700.1392270168429, -744.3094208194906, -752.1338464696008, -665.6669155575324, -696.3624288689214, -676.2443926147431, -701.7469464663984, -637.0223303834376, -611.3058942270917, -600.6292374602547, -641.9985314031607, -605.3168576352809, -634.2031007355184, -568.1302134887666, -548.2529316900701, -571.2337530169756, -572.7596425954753, -592.0698998922978, -438.0737930601513, -469.43807212421984, -489.88790625672, -495.44065467356165, -476.32713278712555, -396.14310991289284, -386.09605674451166, -426.1108789918229, -408.6237760060219, -407.39431605601266, -357.15815364402874, -343.8834082999242, -329.7880518810301, -353.35945899924576, -354.69664066773436, -249.4314439698044, -276.97719841359566, -295.4281027389723, -305.68204193656294, -277.8849074432502, -248.58150018529537, -207.2564325149209, -232.13795831462028, -240.7707041246407, -238.42182276226583]","[960, 960, 960, 960, 960, 960, 960, 960, 960, 960, 960, 960, 960, 960, 960, 960, 960, 960, 960, 960, 960, 960, 960, 960, 960, 960, 960, 960, 960, 960, 960, 960, 960, 960, 960, 960, 960, 960, 960, 960, 960, 960, 960, 960, 960, 960, 960, 960, 960, 960]",9370.285,2134.407,0.231,86418131.245,968.978,20640.298,9.349,240000,240000,240000,240000,29.71538461538462,64.25384615384613,0.007692307692307692,0.017415364583333336,0.0,9.765625e-05,0.0005,4.151913404464722,-0.0006630302431993584,4.169027805328369,6.076693534851074e-05,0.000487310265107066,1.6451371312141418,0.01
-207.2564325149209,-803.2862326917268,-512.9629050916155,960.0,0,5,260000,0,260000,False,50,13,73e06_00000,d3bad251908341baa6eac6efead41b76,2023-12-17_08-19-42,1702779582,9.317123651504517,121.6800467967987,53224,HPC005,10.33.1.26,121.6800467967987,0,13,"[-781.7545581608005, -792.2293514887301, -803.2862326917268, -786.0310783749765, -772.3078519304851, -742.8489616617783, -745.1681274214914, -700.1392270168429, -744.3094208194906, -752.1338464696008, -665.6669155575324, -696.3624288689214, -676.2443926147431, -701.7469464663984, -637.0223303834376, -611.3058942270917, -600.6292374602547, -641.9985314031607, -605.3168576352809, -634.2031007355184, -568.1302134887666, -548.2529316900701, -571.2337530169756, -572.7596425954753, -592.0698998922978, -438.0737930601513, -469.43807212421984, -489.88790625672, -495.44065467356165, -476.32713278712555, -396.14310991289284, -386.09605674451166, -426.1108789918229, -408.6237760060219, -407.39431605601266, -357.15815364402874, -343.8834082999242, -329.7880518810301, -353.35945899924576, -354.69664066773436, -249.4314439698044, -276.97719841359566, -295.4281027389723, -305.68204193656294, -277.8849074432502, -248.58150018529537, -207.2564325149209, -232.13795831462028, -240.7707041246407, -238.42182276226583]","[960, 960, 960, 960, 960, 960, 960, 960, 960, 960, 960, 960, 960, 960, 960, 960, 960, 960, 960, 960, 960, 960, 960, 960, 960, 960, 960, 960, 960, 960, 960, 960, 960, 960, 960, 960, 960, 960, 960, 960, 960, 960, 960, 960, 960, 960, 960, 960, 960, 960]",9346.882,2139.751,0.232,86382535.269,967.095,20680.498,9.486,260000,260000,260000,260000,29.575,64.23333333333335,0.011666666666666667,0.017415364583333336,0.0,4.8828125e-05,0.0005,3.3563467264175415,-0.0004100549629413308,3.372528314590454,-0.00010287761688232422,0.0003620653496969606,1.5771775245666504,0.01
-179.1265657438685,-803.2862326917268,-484.7982902740887,960.0,5,5,280000,0,280000,False,55,14,73e06_00000,d3bad251908341baa6eac6efead41b76,2023-12-17_08-19-51,1702779591,9.382025718688965,131.06207251548767,53224,HPC005,10.33.1.26,131.06207251548767,0,14,"[-781.7545581608005, -792.2293514887301, -803.2862326917268, -786.0310783749765, -772.3078519304851, -742.8489616617783, -745.1681274214914, -700.1392270168429, -744.3094208194906, -752.1338464696008, -665.6669155575324, -696.3624288689214, -676.2443926147431, -701.7469464663984, -637.0223303834376, -611.3058942270917, -600.6292374602547, -641.9985314031607, -605.3168576352809, -634.2031007355184, -568.1302134887666, -548.2529316900701, -571.2337530169756, -572.7596425954753, -592.0698998922978, -438.0737930601513, -469.43807212421984, -489.88790625672, -495.44065467356165, -476.32713278712555, -396.14310991289284, -386.09605674451166, -426.1108789918229, -408.6237760060219, -407.39431605601266, -357.15815364402874, -343.8834082999242, -329.7880518810301, -353.35945899924576, -354.69664066773436, -249.4314439698044, -276.97719841359566, -295.4281027389723, -305.68204193656294, -277.8849074432502, -248.58150018529537, -207.2564325149209, -232.13795831462028, -240.7707041246407, -238.42182276226583, -186.606810329589, -212.04660568222988, -216.21558889904767, -221.76513983936837, -179.1265657438685]","[960, 960, 960, 960, 960, 960, 960, 960, 960, 960, 960, 960, 960, 960, 960, 960, 960, 960, 960, 960, 960, 960, 960, 960, 960, 960, 960, 960, 960, 960, 960, 960, 960, 960, 960, 960, 960, 960, 960, 960, 960, 960, 960, 960, 960, 960, 960, 960, 960, 960, 960, 960, 960, 960, 960]",9354.797,2137.941,0.231,86703958.656,964.997,20725.463,9.451,280000,280000,280000,280000,29.63333333333333,64.19166666666666,0.013333333333333334,0.017415364583333336,0.0,2.44140625e-05,0.0005,2.0437508821487427,-0.0002636055038314211,2.0592023134231567,0.00026029348373413086,0.00027215855576678827,1.518787682056427,0.01
-179.1265657438685,-803.2862326917268,-460.2311995274367,960.0,5,5,300000,0,300000,False,60,15,73e06_00000,d3bad251908341baa6eac6efead41b76,2023-12-17_08-20-01,1702779601,9.341557025909424,140.4036295413971,53224,HPC005,10.33.1.26,140.4036295413971,0,15,"[-781.7545581608005, -792.2293514887301, -803.2862326917268, -786.0310783749765, -772.3078519304851, -742.8489616617783, -745.1681274214914, -700.1392270168429, -744.3094208194906, -752.1338464696008, -665.6669155575324, -696.3624288689214, -676.2443926147431, -701.7469464663984, -637.0223303834376, -611.3058942270917, -600.6292374602547, -641.9985314031607, -605.3168576352809, -634.2031007355184, -568.1302134887666, -548.2529316900701, -571.2337530169756, -572.7596425954753, -592.0698998922978, -438.0737930601513, -469.43807212421984, -489.88790625672, -495.44065467356165, -476.32713278712555, -396.14310991289284, -386.09605674451166, -426.1108789918229, -408.6237760060219, -407.39431605601266, -357.15815364402874, -343.8834082999242, -329.7880518810301, -353.35945899924576, -354.69664066773436, -249.4314439698044, -276.97719841359566, -295.4281027389723, -305.68204193656294, -277.8849074432502, -248.58150018529537, -207.2564325149209, -232.13795831462028, -240.7707041246407, -238.42182276226583, -186.606810329589, -212.04660568222988, -216.21558889904767, -221.76513983936837, -179.1265657438685, -199.41515045745157, -189.85391944773966, -186.51919024458005, -179.29150026814767, -194.88624615340015]","[960, 960, 960, 960, 960, 960, 960, 960, 960, 960, 960, 960, 960, 960, 960, 960, 960, 960, 960, 960, 960, 960, 960, 960, 960, 960, 960, 960, 960, 960, 960, 960, 960, 960, 960, 960, 960, 960, 960, 960, 960, 960, 960, 960, 960, 960, 960, 960, 960, 960, 960, 960, 960, 960, 960, 960, 960, 960, 960, 960]",9353.02,2138.347,0.235,85077160.243,963.986,20747.189,9.47,300000,300000,300000,300000,30.215384615384615,64.37692307692308,0.01076923076923077,0.017415364583333336,0.0,1.220703125e-05,0.0005,1.3574450612068176,-0.00013706817969350027,1.3722813725471497,-0.00030732154846191406,0.00020967289994233695,1.4699230790138245,0.01
-170.01435241433757,-803.2862326917268,-438.4017052486079,960.0,5,5,320000,0,320000,False,65,16,73e06_00000,d3bad251908341baa6eac6efead41b76,2023-12-17_08-20-10,1702779610,9.378246784210205,149.7818763256073,53224,HPC005,10.33.1.26,149.7818763256073,0,16,"[-781.7545581608005, -792.2293514887301, -803.2862326917268, -786.0310783749765, -772.3078519304851, -742.8489616617783, -745.1681274214914, -700.1392270168429, -744.3094208194906, -752.1338464696008, -665.6669155575324, -696.3624288689214, -676.2443926147431, -701.7469464663984, -637.0223303834376, -611.3058942270917, -600.6292374602547, -641.9985314031607, -605.3168576352809, -634.2031007355184, -568.1302134887666, -548.2529316900701, -571.2337530169756, -572.7596425954753, -592.0698998922978, -438.0737930601513, -469.43807212421984, -489.88790625672, -495.44065467356165, -476.32713278712555, -396.14310991289284, -386.09605674451166, -426.1108789918229, -408.6237760060219, -407.39431605601266, -357.15815364402874, -343.8834082999242, -329.7880518810301, -353.35945899924576, -354.69664066773436, -249.4314439698044, -276.97719841359566, -295.4281027389723, -305.68204193656294, -277.8849074432502, -248.58150018529537, -207.2564325149209, -232.13795831462028, -240.7707041246407, -238.42182276226583, -186.606810329589, -212.04660568222988, -216.21558889904767, -221.76513983936837, -179.1265657438685, -199.41515045745157, -189.85391944773966, -186.51919024458005, -179.29150026814767, -194.88624615340015, -170.01435241433757, -194.24844406916185, -170.7020104819044, -173.9109429479938, -173.36311959991718]","[960, 960, 960, 960, 960, 960, 960, 960, 960, 960, 960, 960, 960, 960, 960, 960, 960, 960, 960, 960, 960, 960, 960, 960, 960, 960, 960, 960, 960, 960, 960, 960, 960, 960, 960, 960, 960, 960, 960, 960, 960, 960, 960, 960, 960, 960, 960, 960, 960, 960, 960, 960, 960, 960, 960, 960, 960, 960, 960, 960, 960, 960, 960, 960, 960]",9356.396,2137.575,0.241,82989790.265,963.2,20764.111,9.644,320000,320000,320000,320000,30.083333333333332,64.63333333333334,0.005833333333333334,0.017415364583333336,0.0,6.103515625e-06,0.0005,1.3009011149406433,-3.326492356148236e-05,1.3152400255203247,-0.00048679113388061523,0.000127222123171844,1.4305561780929565,0.01
-170.01435241433757,-803.2862326917268,-419.6709788924396,960.0,5,5,340000,0,340000,False,70,17,73e06_00000,d3bad251908341baa6eac6efead41b76,2023-12-17_08-20-19,1702779619,9.345927715301514,159.1278040409088,53224,HPC005,10.33.1.26,159.1278040409088,0,17,"[-781.7545581608005, -792.2293514887301, -803.2862326917268, -786.0310783749765, -772.3078519304851, -742.8489616617783, -745.1681274214914, -700.1392270168429, -744.3094208194906, -752.1338464696008, -665.6669155575324, -696.3624288689214, -676.2443926147431, -701.7469464663984, -637.0223303834376, -611.3058942270917, -600.6292374602547, -641.9985314031607, -605.3168576352809, -634.2031007355184, -568.1302134887666, -548.2529316900701, -571.2337530169756, -572.7596425954753, -592.0698998922978, -438.0737930601513, -469.43807212421984, -489.88790625672, -495.44065467356165, -476.32713278712555, -396.14310991289284, -386.09605674451166, -426.1108789918229, -408.6237760060219, -407.39431605601266, -357.15815364402874, -343.8834082999242, -329.7880518810301, -353.35945899924576, -354.69664066773436, -249.4314439698044, -276.97719841359566, -295.4281027389723, -305.68204193656294, -277.8849074432502, -248.58150018529537, -207.2564325149209, -232.13795831462028, -240.7707041246407, -238.42182276226583, -186.606810329589, -212.04660568222988, -216.21558889904767, -221.76513983936837, -179.1265657438685, -199.41515045745157, -189.85391944773966, -186.51919024458005, -179.29150026814767, -194.88624615340015, -170.01435241433757, -194.24844406916185, -170.7020104819044, -173.9109429479938, -173.36311959991718, -179.93601522912869, -174.9358100731779, -176.09566550285186, -176.62045428340326, -173.2697362226933]","[960, 960, 960, 960, 960, 960, 960, 960, 960, 960, 960, 960, 960, 960, 960, 960, 960, 960, 960, 960, 960, 960, 960, 960, 960, 960, 960, 960, 960, 960, 960, 960, 960, 960, 960, 960, 960, 960, 960, 960, 960, 960, 960, 960, 960, 960, 960, 960, 960, 960, 960, 960, 960, 960, 960, 960, 960, 960, 960, 960, 960, 960, 960, 960, 960, 960, 960, 960, 960, 960]",9362.66,2136.145,0.228,87627786.483,964.792,20729.852,9.718,340000,340000,340000,340000,29.661538461538463,64.73846153846154,0.011538461538461537,0.017415364583333336,0.0,3.0517578125e-06,0.0005,1.1869630813598633,1.9503402285181437e-05,1.2009571194648743,0.00020867586135864258,5.8024754462593364e-05,1.4013405442237854,0.01
-170.01435241433757,-803.2862326917268,-403.3854877319283,960.0,5,5,360000,0,360000,False,75,18,73e06_00000,d3bad251908341baa6eac6efead41b76,2023-12-17_08-20-29,1702779629,9.335504531860352,168.46330857276917,53224,HPC005,10.33.1.26,168.46330857276917,0,18,"[-781.7545581608005, -792.2293514887301, -803.2862326917268, -786.0310783749765, -772.3078519304851, -742.8489616617783, -745.1681274214914, -700.1392270168429, -744.3094208194906, -752.1338464696008, -665.6669155575324, -696.3624288689214, -676.2443926147431, -701.7469464663984, -637.0223303834376, -611.3058942270917, -600.6292374602547, -641.9985314031607, -605.3168576352809, -634.2031007355184, -568.1302134887666, -548.2529316900701, -571.2337530169756, -572.7596425954753, -592.0698998922978, -438.0737930601513, -469.43807212421984, -489.88790625672, -495.44065467356165, -476.32713278712555, -396.14310991289284, -386.09605674451166, -426.1108789918229, -408.6237760060219, -407.39431605601266, -357.15815364402874, -343.8834082999242, -329.7880518810301, -353.35945899924576, -354.69664066773436, -249.4314439698044, -276.97719841359566, -295.4281027389723, -305.68204193656294, -277.8849074432502, -248.58150018529537, -207.2564325149209, -232.13795831462028, -240.7707041246407, -238.42182276226583, -186.606810329589, -212.04660568222988, -216.21558889904767, -221.76513983936837, -179.1265657438685, -199.41515045745157, -189.85391944773966, -186.51919024458005, -179.29150026814767, -194.88624615340015, -170.01435241433757, -194.24844406916185, -170.7020104819044, -173.9109429479938, -173.36311959991718, -179.93601522912869, -174.9358100731779, -176.09566550285186, -176.62045428340326, -173.2697362226933, -176.7293553807262, -176.59186962820772, -171.8303604156166, -175.10881531183873, -176.68265668745747]","[960, 960, 960, 960, 960, 960, 960, 960, 960, 960, 960, 960, 960, 960, 960, 960, 960, 960, 960, 960, 960, 960, 960, 960, 960, 960, 960, 960, 960, 960, 960, 960, 960, 960, 960, 960, 960, 960, 960, 960, 960, 960, 960, 960, 960, 960, 960, 960, 960, 960, 960, 960, 960, 960, 960, 960, 960, 960, 960, 960, 960, 960, 960, 960, 960, 960, 960, 960, 960, 960, 960, 960, 960, 960, 960]",9360.707,2136.591,0.228,87820435.511,967.631,20669.041,9.702,360000,360000,360000,360000,30.025000000000002,64.65833333333335,0.010833333333333334,0.017415364583333336,0.0,1.52587890625e-06,0.0005,1.0661482214927673,4.815712036254638e-05,1.0799264311790466,-0.0002709031105041504,1.4768674242882085e-05,1.382636308670044,0.01
-170.01435241433757,-803.2862326917268,-403.3854877319283,960.0,0,5,380000,0,380000,False,75,19,73e06_00000,d3bad251908341baa6eac6efead41b76,2023-12-17_08-20-38,1702779638,9.335268020629883,177.79857659339905,53224,HPC005,10.33.1.26,177.79857659339905,0,19,"[-781.7545581608005, -792.2293514887301, -803.2862326917268, -786.0310783749765, -772.3078519304851, -742.8489616617783, -745.1681274214914, -700.1392270168429, -744.3094208194906, -752.1338464696008, -665.6669155575324, -696.3624288689214, -676.2443926147431, -701.7469464663984, -637.0223303834376, -611.3058942270917, -600.6292374602547, -641.9985314031607, -605.3168576352809, -634.2031007355184, -568.1302134887666, -548.2529316900701, -571.2337530169756, -572.7596425954753, -592.0698998922978, -438.0737930601513, -469.43807212421984, -489.88790625672, -495.44065467356165, -476.32713278712555, -396.14310991289284, -386.09605674451166, -426.1108789918229, -408.6237760060219, -407.39431605601266, -357.15815364402874, -343.8834082999242, -329.7880518810301, -353.35945899924576, -354.69664066773436, -249.4314439698044, -276.97719841359566, -295.4281027389723, -305.68204193656294, -277.8849074432502, -248.58150018529537, -207.2564325149209, -232.13795831462028, -240.7707041246407, -238.42182276226583, -186.606810329589, -212.04660568222988, -216.21558889904767, -221.76513983936837, -179.1265657438685, -199.41515045745157, -189.85391944773966, -186.51919024458005, -179.29150026814767, -194.88624615340015, -170.01435241433757, -194.24844406916185, -170.7020104819044, -173.9109429479938, -173.36311959991718, -179.93601522912869, -174.9358100731779, -176.09566550285186, -176.62045428340326, -173.2697362226933, -176.7293553807262, -176.59186962820772, -171.8303604156166, -175.10881531183873, -176.68265668745747]","[960, 960, 960, 960, 960, 960, 960, 960, 960, 960, 960, 960, 960, 960, 960, 960, 960, 960, 960, 960, 960, 960, 960, 960, 960, 960, 960, 960, 960, 960, 960, 960, 960, 960, 960, 960, 960, 960, 960, 960, 960, 960, 960, 960, 960, 960, 960, 960, 960, 960, 960, 960, 960, 960, 960, 960, 960, 960, 960, 960, 960, 960, 960, 960, 960, 960, 960, 960, 960, 960, 960, 960, 960, 960, 960]",9368.557,2134.801,0.228,87774489.903,966.344,20696.555,9.763,380000,380000,380000,380000,29.933333333333326,64.59166666666668,0.007500000000000001,0.017415364583333336,0.0,7.62939453125e-07,0.0005,1.1075755953788757,-2.0824051006229638e-05,1.1213682293891907,-0.0006715655326843262,3.034198184259651e-05,1.3771864175796509,0.01
-170.01435241433757,-803.2862326917268,-389.0760561066263,960.0,5,5,400000,0,400000,False,80,20,73e06_00000,d3bad251908341baa6eac6efead41b76,2023-12-17_08-20-47,1702779647,9.369829654693604,187.16840624809265,53224,HPC005,10.33.1.26,187.16840624809265,0,20,"[-781.7545581608005, -792.2293514887301, -803.2862326917268, -786.0310783749765, -772.3078519304851, -742.8489616617783, -745.1681274214914, -700.1392270168429, -744.3094208194906, -752.1338464696008, -665.6669155575324, -696.3624288689214, -676.2443926147431, -701.7469464663984, -637.0223303834376, -611.3058942270917, -600.6292374602547, -641.9985314031607, -605.3168576352809, -634.2031007355184, -568.1302134887666, -548.2529316900701, -571.2337530169756, -572.7596425954753, -592.0698998922978, -438.0737930601513, -469.43807212421984, -489.88790625672, -495.44065467356165, -476.32713278712555, -396.14310991289284, -386.09605674451166, -426.1108789918229, -408.6237760060219, -407.39431605601266, -357.15815364402874, -343.8834082999242, -329.7880518810301, -353.35945899924576, -354.69664066773436, -249.4314439698044, -276.97719841359566, -295.4281027389723, -305.68204193656294, -277.8849074432502, -248.58150018529537, -207.2564325149209, -232.13795831462028, -240.7707041246407, -238.42182276226583, -186.606810329589, -212.04660568222988, -216.21558889904767, -221.76513983936837, -179.1265657438685, -199.41515045745157, -189.85391944773966, -186.51919024458005, -179.29150026814767, -194.88624615340015, -170.01435241433757, -194.24844406916185, -170.7020104819044, -173.9109429479938, -173.36311959991718, -179.93601522912869, -174.9358100731779, -176.09566550285186, -176.62045428340326, -173.2697362226933, -176.7293553807262, -176.59186962820772, -171.8303604156166, -175.10881531183873, -176.68265668745747, -172.99849090649778, -173.0681075602328, -174.2908488712451, -179.98047016119878, -171.83499113630987]","[960, 960, 960, 960, 960, 960, 960, 960, 960, 960, 960, 960, 960, 960, 960, 960, 960, 960, 960, 960, 960, 960, 960, 960, 960, 960, 960, 960, 960, 960, 960, 960, 960, 960, 960, 960, 960, 960, 960, 960, 960, 960, 960, 960, 960, 960, 960, 960, 960, 960, 960, 960, 960, 960, 960, 960, 960, 960, 960, 960, 960, 960, 960, 960, 960, 960, 960, 960, 960, 960, 960, 960, 960, 960, 960, 960, 960, 960, 960, 960]",9371.707,2134.083,0.237,84485930.104,964.045,20745.925,9.644,400000,400000,400000,400000,29.892307692307693,64.7076923076923,0.01769230769230769,0.017415364583333336,0.0,3.814697265625e-07,0.0005,0.8956886529922485,-1.213226340546214e-05,0.9094753563404083,0.0001106560230255127,4.227690801172912e-05,1.377457082271576,0.01
-170.01435241433757,-803.2862326917268,-376.516611400923,960.0,5,5,420000,0,420000,False,85,21,73e06_00000,d3bad251908341baa6eac6efead41b76,2023-12-17_08-20-57,1702779657,9.391485691070557,196.5598919391632,53224,HPC005,10.33.1.26,196.5598919391632,0,21,"[-781.7545581608005, -792.2293514887301, -803.2862326917268, -786.0310783749765, -772.3078519304851, -742.8489616617783, -745.1681274214914, -700.1392270168429, -744.3094208194906, -752.1338464696008, -665.6669155575324, -696.3624288689214, -676.2443926147431, -701.7469464663984, -637.0223303834376, -611.3058942270917, -600.6292374602547, -641.9985314031607, -605.3168576352809, -634.2031007355184, -568.1302134887666, -548.2529316900701, -571.2337530169756, -572.7596425954753, -592.0698998922978, -438.0737930601513, -469.43807212421984, -489.88790625672, -495.44065467356165, -476.32713278712555, -396.14310991289284, -386.09605674451166, -426.1108789918229, -408.6237760060219, -407.39431605601266, -357.15815364402874, -343.8834082999242, -329.7880518810301, -353.35945899924576, -354.69664066773436, -249.4314439698044, -276.97719841359566, -295.4281027389723, -305.68204193656294, -277.8849074432502, -248.58150018529537, -207.2564325149209, -232.13795831462028, -240.7707041246407, -238.42182276226583, -186.606810329589, -212.04660568222988, -216.21558889904767, -221.76513983936837, -179.1265657438685, -199.41515045745157, -189.85391944773966, -186.51919024458005, -179.29150026814767, -194.88624615340015, -170.01435241433757, -194.24844406916185, -170.7020104819044, -173.9109429479938, -173.36311959991718, -179.93601522912869, -174.9358100731779, -176.09566550285186, -176.62045428340326, -173.2697362226933, -176.7293553807262, -176.59186962820772, -171.8303604156166, -175.10881531183873, -176.68265668745747, -172.99849090649778, -173.0681075602328, -174.2908488712451, -179.98047016119878, -171.83499113630987, -176.37187585278562, -176.9107188954531, -175.04986522467402, -174.12787811368725, -175.3671424617458]","[960, 960, 960, 960, 960, 960, 960, 960, 960, 960, 960, 960, 960, 960, 960, 960, 960, 960, 960, 960, 960, 960, 960, 960, 960, 960, 960, 960, 960, 960, 960, 960, 960, 960, 960, 960, 960, 960, 960, 960, 960, 960, 960, 960, 960, 960, 960, 960, 960, 960, 960, 960, 960, 960, 960, 960, 960, 960, 960, 960, 960, 960, 960, 960, 960, 960, 960, 960, 960, 960, 960, 960, 960, 960, 960, 960, 960, 960, 960, 960, 960, 960, 960, 960, 960]",9380.239,2132.142,0.237,84231428.858,966.763,20687.59,9.658,420000,420000,420000,420000,30.00833333333333,64.65000000000002,0.0,0.017415364583333336,0.0,1.9073486328125e-07,0.0005,0.8454281687736511,-9.531288444009078e-05,0.8593448996543884,-0.0003585219383239746,6.723206765801848e-05,1.3821370005607605,0.01
-170.01435241433757,-803.2862326917268,-365.3012525570174,960.0,5,5,440000,0,440000,False,90,22,73e06_00000,d3bad251908341baa6eac6efead41b76,2023-12-17_08-21-06,1702779666,9.371593236923218,205.93148517608643,53224,HPC005,10.33.1.26,205.93148517608643,0,22,"[-781.7545581608005, -792.2293514887301, -803.2862326917268, -786.0310783749765, -772.3078519304851, -742.8489616617783, -745.1681274214914, -700.1392270168429, -744.3094208194906, -752.1338464696008, -665.6669155575324, -696.3624288689214, -676.2443926147431, -701.7469464663984, -637.0223303834376, -611.3058942270917, -600.6292374602547, -641.9985314031607, -605.3168576352809, -634.2031007355184, -568.1302134887666, -548.2529316900701, -571.2337530169756, -572.7596425954753, -592.0698998922978, -438.0737930601513, -469.43807212421984, -489.88790625672, -495.44065467356165, -476.32713278712555, -396.14310991289284, -386.09605674451166, -426.1108789918229, -408.6237760060219, -407.39431605601266, -357.15815364402874, -343.8834082999242, -329.7880518810301, -353.35945899924576, -354.69664066773436, -249.4314439698044, -276.97719841359566, -295.4281027389723, -305.68204193656294, -277.8849074432502, -248.58150018529537, -207.2564325149209, -232.13795831462028, -240.7707041246407, -238.42182276226583, -186.606810329589, -212.04660568222988, -216.21558889904767, -221.76513983936837, -179.1265657438685, -199.41515045745157, -189.85391944773966, -186.51919024458005, -179.29150026814767, -194.88624615340015, -170.01435241433757, -194.24844406916185, -170.7020104819044, -173.9109429479938, -173.36311959991718, -179.93601522912869, -174.9358100731779, -176.09566550285186, -176.62045428340326, -173.2697362226933, -176.7293553807262, -176.59186962820772, -171.8303604156166, -175.10881531183873, -176.68265668745747, -172.99849090649778, -173.0681075602328, -174.2908488712451, -179.98047016119878, -171.83499113630987, -176.37187585278562, -176.9107188954531, -175.04986522467402, -174.12787811368725, -175.3671424617458, -177.89964851407154, -174.03911253947624, -176.81428361172576, -172.5541164802842, -171.89359990755116]","[960, 960, 960, 960, 960, 960, 960, 960, 960, 960, 960, 960, 960, 960, 960, 960, 960, 960, 960, 960, 960, 960, 960, 960, 960, 960, 960, 960, 960, 960, 960, 960, 960, 960, 960, 960, 960, 960, 960, 960, 960, 960, 960, 960, 960, 960, 960, 960, 960, 960, 960, 960, 960, 960, 960, 960, 960, 960, 960, 960, 960, 960, 960, 960, 960, 960, 960, 960, 960, 960, 960, 960, 960, 960, 960, 960, 960, 960, 960, 960, 960, 960, 960, 960, 960, 960, 960, 960, 960, 960]",9382.407,2131.649,0.238,84189160.98,969.598,20627.107,8.515,440000,440000,440000,440000,29.938461538461542,64.75384615384615,0.01076923076923077,0.017415364583333336,0.0,9.5367431640625e-08,0.0005,0.8563408851623535,-5.7835387485383194e-05,0.8703181743621826,-0.00012475252151489258,8.220150938811899e-05,1.3919442296028137,0.01
-170.01435241433757,-803.2862326917268,-355.18665488699264,960.0,5,5,460000,0,460000,False,95,23,73e06_00000,d3bad251908341baa6eac6efead41b76,2023-12-17_08-21-16,1702779676,9.382696151733398,215.31418132781982,53224,HPC005,10.33.1.26,215.31418132781982,0,23,"[-781.7545581608005, -792.2293514887301, -803.2862326917268, -786.0310783749765, -772.3078519304851, -742.8489616617783, -745.1681274214914, -700.1392270168429, -744.3094208194906, -752.1338464696008, -665.6669155575324, -696.3624288689214, -676.2443926147431, -701.7469464663984, -637.0223303834376, -611.3058942270917, -600.6292374602547, -641.9985314031607, -605.3168576352809, -634.2031007355184, -568.1302134887666, -548.2529316900701, -571.2337530169756, -572.7596425954753, -592.0698998922978, -438.0737930601513, -469.43807212421984, -489.88790625672, -495.44065467356165, -476.32713278712555, -396.14310991289284, -386.09605674451166, -426.1108789918229, -408.6237760060219, -407.39431605601266, -357.15815364402874, -343.8834082999242, -329.7880518810301, -353.35945899924576, -354.69664066773436, -249.4314439698044, -276.97719841359566, -295.4281027389723, -305.68204193656294, -277.8849074432502, -248.58150018529537, -207.2564325149209, -232.13795831462028, -240.7707041246407, -238.42182276226583, -186.606810329589, -212.04660568222988, -216.21558889904767, -221.76513983936837, -179.1265657438685, -199.41515045745157, -189.85391944773966, -186.51919024458005, -179.29150026814767, -194.88624615340015, -170.01435241433757, -194.24844406916185, -170.7020104819044, -173.9109429479938, -173.36311959991718, -179.93601522912869, -174.9358100731779, -176.09566550285186, -176.62045428340326, -173.2697362226933, -176.7293553807262, -176.59186962820772, -171.8303604156166, -175.10881531183873, -176.68265668745747, -172.99849090649778, -173.0681075602328, -174.2908488712451, -179.98047016119878, -171.83499113630987, -176.37187585278562, -176.9107188954531, -175.04986522467402, -174.12787811368725, -175.3671424617458, -177.89964851407154, -174.03911253947624, -176.81428361172576, -172.5541164802842, -171.89359990755116, -173.9890175702487, -176.3258656960476, -171.53609929284414, -172.0590213254871, -171.7094802481182]","[960, 960, 960, 960, 960, 960, 960, 960, 960, 960, 960, 960, 960, 960, 960, 960, 960, 960, 960, 960, 960, 960, 960, 960, 960, 960, 960, 960, 960, 960, 960, 960, 960, 960, 960, 960, 960, 960, 960, 960, 960, 960, 960, 960, 960, 960, 960, 960, 960, 960, 960, 960, 960, 960, 960, 960, 960, 960, 960, 960, 960, 960, 960, 960, 960, 960, 960, 960, 960, 960, 960, 960, 960, 960, 960, 960, 960, 960, 960, 960, 960, 960, 960, 960, 960, 960, 960, 960, 960, 960, 960, 960, 960, 960, 960]",9387.544,2130.483,0.238,84146935.5,969.798,20622.844,8.423,460000,460000,460000,460000,29.675,64.89166666666667,0.0,0.017415364583333336,0.0,4.76837158203125e-08,0.0005,0.8204911649227142,6.5998078406792615e-06,0.8345364034175873,-4.369020462036133e-05,5.2831878749604044e-05,1.405185878276825,0.01
-170.01435241433757,-803.2862326917268,-346.090248129934,960.0,5,5,480000,0,480000,False,100,24,73e06_00000,d3bad251908341baa6eac6efead41b76,2023-12-17_08-21-25,1702779685,9.329253196716309,224.64343452453613,53224,HPC005,10.33.1.26,224.64343452453613,0,24,"[-781.7545581608005, -792.2293514887301, -803.2862326917268, -786.0310783749765, -772.3078519304851, -742.8489616617783, -745.1681274214914, -700.1392270168429, -744.3094208194906, -752.1338464696008, -665.6669155575324, -696.3624288689214, -676.2443926147431, -701.7469464663984, -637.0223303834376, -611.3058942270917, -600.6292374602547, -641.9985314031607, -605.3168576352809, -634.2031007355184, -568.1302134887666, -548.2529316900701, -571.2337530169756, -572.7596425954753, -592.0698998922978, -438.0737930601513, -469.43807212421984, -489.88790625672, -495.44065467356165, -476.32713278712555, -396.14310991289284, -386.09605674451166, -426.1108789918229, -408.6237760060219, -407.39431605601266, -357.15815364402874, -343.8834082999242, -329.7880518810301, -353.35945899924576, -354.69664066773436, -249.4314439698044, -276.97719841359566, -295.4281027389723, -305.68204193656294, -277.8849074432502, -248.58150018529537, -207.2564325149209, -232.13795831462028, -240.7707041246407, -238.42182276226583, -186.606810329589, -212.04660568222988, -216.21558889904767, -221.76513983936837, -179.1265657438685, -199.41515045745157, -189.85391944773966, -186.51919024458005, -179.29150026814767, -194.88624615340015, -170.01435241433757, -194.24844406916185, -170.7020104819044, -173.9109429479938, -173.36311959991718, -179.93601522912869, -174.9358100731779, -176.09566550285186, -176.62045428340326, -173.2697362226933, -176.7293553807262, -176.59186962820772, -171.8303604156166, -175.10881531183873, -176.68265668745747, -172.99849090649778, -173.0681075602328, -174.2908488712451, -179.98047016119878, -171.83499113630987, -176.37187585278562, -176.9107188954531, -175.04986522467402, -174.12787811368725, -175.3671424617458, -177.89964851407154, -174.03911253947624, -176.81428361172576, -172.5541164802842, -171.89359990755116, -173.9890175702487, -176.3258656960476, -171.53609929284414, -172.0590213254871, -171.7094802481182, -171.66999956144278, -173.58604865051223, -176.1215924649811, -172.5080033260751, -172.4069547260861]","[960, 960, 960, 960, 960, 960, 960, 960, 960, 960, 960, 960, 960, 960, 960, 960, 960, 960, 960, 960, 960, 960, 960, 960, 960, 960, 960, 960, 960, 960, 960, 960, 960, 960, 960, 960, 960, 960, 960, 960, 960, 960, 960, 960, 960, 960, 960, 960, 960, 960, 960, 960, 960, 960, 960, 960, 960, 960, 960, 960, 960, 960, 960, 960, 960, 960, 960, 960, 960, 960, 960, 960, 960, 960, 960, 960, 960, 960, 960, 960, 960, 960, 960, 960, 960, 960, 960, 960, 960, 960, 960, 960, 960, 960, 960, 960, 960, 960, 960, 960]",9381.401,2131.878,0.24,83286417.792,970.65,20604.758,8.466,480000,480000,480000,480000,30.075,64.76666666666665,0.017499999999999998,0.017415364583333336,0.0,2.384185791015625e-08,0.0005,0.7183782756328583,-5.8652685424931406e-05,0.732636421918869,-0.0003247261047363281,4.0704104449007517e-05,1.4199448823928833,0.01
-170.01435241433757,-803.2862326917268,-346.090248129934,960.0,0,5,500000,0,500000,False,100,25,73e06_00000,d3bad251908341baa6eac6efead41b76,2023-12-17_08-21-34,1702779694,9.266220808029175,233.9096553325653,53224,HPC005,10.33.1.26,233.9096553325653,0,25,"[-781.7545581608005, -792.2293514887301, -803.2862326917268, -786.0310783749765, -772.3078519304851, -742.8489616617783, -745.1681274214914, -700.1392270168429, -744.3094208194906, -752.1338464696008, -665.6669155575324, -696.3624288689214, -676.2443926147431, -701.7469464663984, -637.0223303834376, -611.3058942270917, -600.6292374602547, -641.9985314031607, -605.3168576352809, -634.2031007355184, -568.1302134887666, -548.2529316900701, -571.2337530169756, -572.7596425954753, -592.0698998922978, -438.0737930601513, -469.43807212421984, -489.88790625672, -495.44065467356165, -476.32713278712555, -396.14310991289284, -386.09605674451166, -426.1108789918229, -408.6237760060219, -407.39431605601266, -357.15815364402874, -343.8834082999242, -329.7880518810301, -353.35945899924576, -354.69664066773436, -249.4314439698044, -276.97719841359566, -295.4281027389723, -305.68204193656294, -277.8849074432502, -248.58150018529537, -207.2564325149209, -232.13795831462028, -240.7707041246407, -238.42182276226583, -186.606810329589, -212.04660568222988, -216.21558889904767, -221.76513983936837, -179.1265657438685, -199.41515045745157, -189.85391944773966, -186.51919024458005, -179.29150026814767, -194.88624615340015, -170.01435241433757, -194.24844406916185, -170.7020104819044, -173.9109429479938, -173.36311959991718, -179.93601522912869, -174.9358100731779, -176.09566550285186, -176.62045428340326, -173.2697362226933, -176.7293553807262, -176.59186962820772, -171.8303604156166, -175.10881531183873, -176.68265668745747, -172.99849090649778, -173.0681075602328, -174.2908488712451, -179.98047016119878, -171.83499113630987, -176.37187585278562, -176.9107188954531, -175.04986522467402, -174.12787811368725, -175.3671424617458, -177.89964851407154, -174.03911253947624, -176.81428361172576, -172.5541164802842, -171.89359990755116, -173.9890175702487, -176.3258656960476, -171.53609929284414, -172.0590213254871, -171.7094802481182, -171.66999956144278, -173.58604865051223, -176.1215924649811, -172.5080033260751, -172.4069547260861]","[960, 960, 960, 960, 960, 960, 960, 960, 960, 960, 960, 960, 960, 960, 960, 960, 960, 960, 960, 960, 960, 960, 960, 960, 960, 960, 960, 960, 960, 960, 960, 960, 960, 960, 960, 960, 960, 960, 960, 960, 960, 960, 960, 960, 960, 960, 960, 960, 960, 960, 960, 960, 960, 960, 960, 960, 960, 960, 960, 960, 960, 960, 960, 960, 960, 960, 960, 960, 960, 960, 960, 960, 960, 960, 960, 960, 960, 960, 960, 960, 960, 960, 960, 960, 960, 960, 960, 960, 960, 960, 960, 960, 960, 960, 960, 960, 960, 960, 960, 960]",9375.696,2133.175,0.236,84647911.201,970.064,20617.188,8.47,500000,500000,500000,500000,29.661538461538463,64.86923076923077,0.02076923076923077,0.017415364583333336,0.0,1.1920928955078126e-08,0.0005,0.737916499376297,-5.031738302108124e-05,0.7523314654827118,-0.00033211708068847656,3.1792023839072314e-05,1.4364649653434753,0.01
-170.01435241433757,-752.1338464696008,-315.39761757236397,960.0,5,5,520000,0,520000,False,105,26,73e06_00000,d3bad251908341baa6eac6efead41b76,2023-12-17_08-21-44,1702779704,9.385899066925049,243.29555439949036,53224,HPC005,10.33.1.26,243.29555439949036,0,26,"[-742.8489616617783, -745.1681274214914, -700.1392270168429, -744.3094208194906, -752.1338464696008, -665.6669155575324, -696.3624288689214, -676.2443926147431, -701.7469464663984, -637.0223303834376, -611.3058942270917, -600.6292374602547, -641.9985314031607, -605.3168576352809, -634.2031007355184, -568.1302134887666, -548.2529316900701, -571.2337530169756, -572.7596425954753, -592.0698998922978, -438.0737930601513, -469.43807212421984, -489.88790625672, -495.44065467356165, -476.32713278712555, -396.14310991289284, -386.09605674451166, -426.1108789918229, -408.6237760060219, -407.39431605601266, -357.15815364402874, -343.8834082999242, -329.7880518810301, -353.35945899924576, -354.69664066773436, -249.4314439698044, -276.97719841359566, -295.4281027389723, -305.68204193656294, -277.8849074432502, -248.58150018529537, -207.2564325149209, -232.13795831462028, -240.7707041246407, -238.42182276226583, -186.606810329589, -212.04660568222988, -216.21558889904767, -221.76513983936837, -179.1265657438685, -199.41515045745157, -189.85391944773966, -186.51919024458005, -179.29150026814767, -194.88624615340015, -170.01435241433757, -194.24844406916185, -170.7020104819044, -173.9109429479938, -173.36311959991718, -179.93601522912869, -174.9358100731779, -176.09566550285186, -176.62045428340326, -173.2697362226933, -176.7293553807262, -176.59186962820772, -171.8303604156166, -175.10881531183873, -176.68265668745747, -172.99849090649778, -173.0681075602328, -174.2908488712451, -179.98047016119878, -171.83499113630987, -176.37187585278562, -176.9107188954531, -175.04986522467402, -174.12787811368725, -175.3671424617458, -177.89964851407154, -174.03911253947624, -176.81428361172576, -172.5541164802842, -171.89359990755116, -173.9890175702487, -176.3258656960476, -171.53609929284414, -172.0590213254871, -171.7094802481182, -171.66999956144278, -173.58604865051223, -176.1215924649811, -172.5080033260751, -172.4069547260861, -173.56837439261497, -170.86754891080804, -173.0008864774472, -172.19259266734093, -176.71661444150521]","[960, 960, 960, 960, 960, 960, 960, 960, 960, 960, 960, 960, 960, 960, 960, 960, 960, 960, 960, 960, 960, 960, 960, 960, 960, 960, 960, 960, 960, 960, 960, 960, 960, 960, 960, 960, 960, 960, 960, 960, 960, 960, 960, 960, 960, 960, 960, 960, 960, 960, 960, 960, 960, 960, 960, 960, 960, 960, 960, 960, 960, 960, 960, 960, 960, 960, 960, 960, 960, 960, 960, 960, 960, 960, 960, 960, 960, 960, 960, 960, 960, 960, 960, 960, 960, 960, 960, 960, 960, 960, 960, 960, 960, 960, 960, 960, 960, 960, 960, 960]",9375.275,2133.271,0.23,86811631.998,971.056,20596.14,8.206,520000,520000,520000,520000,29.925,65.025,0.0075,0.017415364583333336,0.0,5.960464477539063e-09,0.0005,0.6263809204101562,-0.00016265067362652985,0.6410807073116302,0.0004121363162994385,4.939564990458223e-05,1.4537095427513123,0.01
-167.8953511567219,-701.7469464663984,-287.19717824079476,960.0,5,5,540000,0,540000,False,110,27,73e06_00000,d3bad251908341baa6eac6efead41b76,2023-12-17_08-21-53,1702779713,9.492091655731201,252.78764605522156,53224,HPC005,10.33.1.26,252.78764605522156,0,27,"[-665.6669155575324, -696.3624288689214, -676.2443926147431, -701.7469464663984, -637.0223303834376, -611.3058942270917, -600.6292374602547, -641.9985314031607, -605.3168576352809, -634.2031007355184, -568.1302134887666, -548.2529316900701, -571.2337530169756, -572.7596425954753, -592.0698998922978, -438.0737930601513, -469.43807212421984, -489.88790625672, -495.44065467356165, -476.32713278712555, -396.14310991289284, -386.09605674451166, -426.1108789918229, -408.6237760060219, -407.39431605601266, -357.15815364402874, -343.8834082999242, -329.7880518810301, -353.35945899924576, -354.69664066773436, -249.4314439698044, -276.97719841359566, -295.4281027389723, -305.68204193656294, -277.8849074432502, -248.58150018529537, -207.2564325149209, -232.13795831462028, -240.7707041246407, -238.42182276226583, -186.606810329589, -212.04660568222988, -216.21558889904767, -221.76513983936837, -179.1265657438685, -199.41515045745157, -189.85391944773966, -186.51919024458005, -179.29150026814767, -194.88624615340015, -170.01435241433757, -194.24844406916185, -170.7020104819044, -173.9109429479938, -173.36311959991718, -179.93601522912869, -174.9358100731779, -176.09566550285186, -176.62045428340326, -173.2697362226933, -176.7293553807262, -176.59186962820772, -171.8303604156166, -175.10881531183873, -176.68265668745747, -172.99849090649778, -173.0681075602328, -174.2908488712451, -179.98047016119878, -171.83499113630987, -176.37187585278562, -176.9107188954531, -175.04986522467402, -174.12787811368725, -175.3671424617458, -177.89964851407154, -174.03911253947624, -176.81428361172576, -172.5541164802842, -171.89359990755116, -173.9890175702487, -176.3258656960476, -171.53609929284414, -172.0590213254871, -171.7094802481182, -171.66999956144278, -173.58604865051223, -176.1215924649811, -172.5080033260751, -172.4069547260861, -173.56837439261497, -170.86754891080804, -173.0008864774472, -172.19259266734093, -176.71661444150521, -173.80590048622716, -173.3434160929112, -174.90694885938825, -167.8953511567219, -174.60403363703344]","[960, 960, 960, 960, 960, 960, 960, 960, 960, 960, 960, 960, 960, 960, 960, 960, 960, 960, 960, 960, 960, 960, 960, 960, 960, 960, 960, 960, 960, 960, 960, 960, 960, 960, 960, 960, 960, 960, 960, 960, 960, 960, 960, 960, 960, 960, 960, 960, 960, 960, 960, 960, 960, 960, 960, 960, 960, 960, 960, 960, 960, 960, 960, 960, 960, 960, 960, 960, 960, 960, 960, 960, 960, 960, 960, 960, 960, 960, 960, 960, 960, 960, 960, 960, 960, 960, 960, 960, 960, 960, 960, 960, 960, 960, 960, 960, 960, 960, 960, 960]",9391.264,2129.639,0.23,86901564.281,970.011,20618.318,8.254,540000,540000,540000,540000,29.976923076923075,64.88461538461537,0.016153846153846154,0.017415364583333336,0.0,2.9802322387695314e-09,0.0005,0.6656847298145294,-9.089241209458976e-05,0.680539608001709,-0.00019305944442749023,7.580404998108747e-05,1.4763942956924438,0.01
-167.8953511567219,-641.9985314031607,-262.03264232305787,960.0,5,5,560000,0,560000,False,115,28,73e06_00000,d3bad251908341baa6eac6efead41b76,2023-12-17_08-22-03,1702779723,9.343464136123657,262.1311101913452,53224,HPC005,10.33.1.26,262.1311101913452,0,28,"[-611.3058942270917, -600.6292374602547, -641.9985314031607, -605.3168576352809, -634.2031007355184, -568.1302134887666, -548.2529316900701, -571.2337530169756, -572.7596425954753, -592.0698998922978, -438.0737930601513, -469.43807212421984, -489.88790625672, -495.44065467356165, -476.32713278712555, -396.14310991289284, -386.09605674451166, -426.1108789918229, -408.6237760060219, -407.39431605601266, -357.15815364402874, -343.8834082999242, -329.7880518810301, -353.35945899924576, -354.69664066773436, -249.4314439698044, -276.97719841359566, -295.4281027389723, -305.68204193656294, -277.8849074432502, -248.58150018529537, -207.2564325149209, -232.13795831462028, -240.7707041246407, -238.42182276226583, -186.606810329589, -212.04660568222988, -216.21558889904767, -221.76513983936837, -179.1265657438685, -199.41515045745157, -189.85391944773966, -186.51919024458005, -179.29150026814767, -194.88624615340015, -170.01435241433757, -194.24844406916185, -170.7020104819044, -173.9109429479938, -173.36311959991718, -179.93601522912869, -174.9358100731779, -176.09566550285186, -176.62045428340326, -173.2697362226933, -176.7293553807262, -176.59186962820772, -171.8303604156166, -175.10881531183873, -176.68265668745747, -172.99849090649778, -173.0681075602328, -174.2908488712451, -179.98047016119878, -171.83499113630987, -176.37187585278562, -176.9107188954531, -175.04986522467402, -174.12787811368725, -175.3671424617458, -177.89964851407154, -174.03911253947624, -176.81428361172576, -172.5541164802842, -171.89359990755116, -173.9890175702487, -176.3258656960476, -171.53609929284414, -172.0590213254871, -171.7094802481182, -171.66999956144278, -173.58604865051223, -176.1215924649811, -172.5080033260751, -172.4069547260861, -173.56837439261497, -170.86754891080804, -173.0008864774472, -172.19259266734093, -176.71661444150521, -173.80590048622716, -173.3434160929112, -174.90694885938825, -167.8953511567219, -174.60403363703344, -169.5879054559821, -170.91698400226014, -172.13226775457997, -173.97135489366465, -173.98091001086226]","[960, 960, 960, 960, 960, 960, 960, 960, 960, 960, 960, 960, 960, 960, 960, 960, 960, 960, 960, 960, 960, 960, 960, 960, 960, 960, 960, 960, 960, 960, 960, 960, 960, 960, 960, 960, 960, 960, 960, 960, 960, 960, 960, 960, 960, 960, 960, 960, 960, 960, 960, 960, 960, 960, 960, 960, 960, 960, 960, 960, 960, 960, 960, 960, 960, 960, 960, 960, 960, 960, 960, 960, 960, 960, 960, 960, 960, 960, 960, 960, 960, 960, 960, 960, 960, 960, 960, 960, 960, 960, 960, 960, 960, 960, 960, 960, 960, 960, 960, 960]",9393.98,2129.023,0.231,86587613.543,966.684,20689.284,8.703,560000,560000,560000,560000,30.183333333333334,64.97500000000001,0.012499999999999999,0.017415364583333336,0.0,1.4901161193847657e-09,0.0005,0.7710826396942139,-8.088378716486488e-05,0.7861760556697845,-0.00010758638381958008,0.00010646089202315245,1.5012591481208801,0.01
-167.8953511567219,-592.0698998922978,-240.21934725876076,960.0,5,5,580000,0,580000,False,120,29,73e06_00000,d3bad251908341baa6eac6efead41b76,2023-12-17_08-22-12,1702779732,9.328868865966797,271.459979057312,53224,HPC005,10.33.1.26,271.459979057312,0,29,"[-568.1302134887666, -548.2529316900701, -571.2337530169756, -572.7596425954753, -592.0698998922978, -438.0737930601513, -469.43807212421984, -489.88790625672, -495.44065467356165, -476.32713278712555, -396.14310991289284, -386.09605674451166, -426.1108789918229, -408.6237760060219, -407.39431605601266, -357.15815364402874, -343.8834082999242, -329.7880518810301, -353.35945899924576, -354.69664066773436, -249.4314439698044, -276.97719841359566, -295.4281027389723, -305.68204193656294, -277.8849074432502, -248.58150018529537, -207.2564325149209, -232.13795831462028, -240.7707041246407, -238.42182276226583, -186.606810329589, -212.04660568222988, -216.21558889904767, -221.76513983936837, -179.1265657438685, -199.41515045745157, -189.85391944773966, -186.51919024458005, -179.29150026814767, -194.88624615340015, -170.01435241433757, -194.24844406916185, -170.7020104819044, -173.9109429479938, -173.36311959991718, -179.93601522912869, -174.9358100731779, -176.09566550285186, -176.62045428340326, -173.2697362226933, -176.7293553807262, -176.59186962820772, -171.8303604156166, -175.10881531183873, -176.68265668745747, -172.99849090649778, -173.0681075602328, -174.2908488712451, -179.98047016119878, -171.83499113630987, -176.37187585278562, -176.9107188954531, -175.04986522467402, -174.12787811368725, -175.3671424617458, -177.89964851407154, -174.03911253947624, -176.81428361172576, -172.5541164802842, -171.89359990755116, -173.9890175702487, -176.3258656960476, -171.53609929284414, -172.0590213254871, -171.7094802481182, -171.66999956144278, -173.58604865051223, -176.1215924649811, -172.5080033260751, -172.4069547260861, -173.56837439261497, -170.86754891080804, -173.0008864774472, -172.19259266734093, -176.71661444150521, -173.80590048622716, -173.3434160929112, -174.90694885938825, -167.8953511567219, -174.60403363703344, -169.5879054559821, -170.91698400226014, -172.13226775457997, -173.97135489366465, -173.98091001086226, -180.2003263479191, -180.78418149244396, -171.2709348017031, -186.65140238411436, -193.21727000541003]","[960, 960, 960, 960, 960, 960, 960, 960, 960, 960, 960, 960, 960, 960, 960, 960, 960, 960, 960, 960, 960, 960, 960, 960, 960, 960, 960, 960, 960, 960, 960, 960, 960, 960, 960, 960, 960, 960, 960, 960, 960, 960, 960, 960, 960, 960, 960, 960, 960, 960, 960, 960, 960, 960, 960, 960, 960, 960, 960, 960, 960, 960, 960, 960, 960, 960, 960, 960, 960, 960, 960, 960, 960, 960, 960, 960, 960, 960, 960, 960, 960, 960, 960, 960, 960, 960, 960, 960, 960, 960, 960, 960, 960, 960, 960, 960, 960, 960, 960, 960]",9390.442,2129.825,0.232,86364748.276,966.625,20690.539,8.665,580000,580000,580000,580000,29.83333333333333,65.15,0.005,0.017415364583333336,0.0,7.450580596923829e-10,0.0005,0.8565510213375092,-3.79066468880751e-06,0.8718067407608032,-4.780292510986328e-05,0.00014417082320150598,1.5251951217651367,0.01
-165.06967841586294,-495.44065467356165,-220.9970330473273,960.0,5,5,600000,0,600000,False,125,30,73e06_00000,d3bad251908341baa6eac6efead41b76,2023-12-17_08-22-21,1702779741,9.437601089477539,280.89758014678955,53224,HPC005,10.33.1.26,280.89758014678955,0,30,"[-438.0737930601513, -469.43807212421984, -489.88790625672, -495.44065467356165, -476.32713278712555, -396.14310991289284, -386.09605674451166, -426.1108789918229, -408.6237760060219, -407.39431605601266, -357.15815364402874, -343.8834082999242, -329.7880518810301, -353.35945899924576, -354.69664066773436, -249.4314439698044, -276.97719841359566, -295.4281027389723, -305.68204193656294, -277.8849074432502, -248.58150018529537, -207.2564325149209, -232.13795831462028, -240.7707041246407, -238.42182276226583, -186.606810329589, -212.04660568222988, -216.21558889904767, -221.76513983936837, -179.1265657438685, -199.41515045745157, -189.85391944773966, -186.51919024458005, -179.29150026814767, -194.88624615340015, -170.01435241433757, -194.24844406916185, -170.7020104819044, -173.9109429479938, -173.36311959991718, -179.93601522912869, -174.9358100731779, -176.09566550285186, -176.62045428340326, -173.2697362226933, -176.7293553807262, -176.59186962820772, -171.8303604156166, -175.10881531183873, -176.68265668745747, -172.99849090649778, -173.0681075602328, -174.2908488712451, -179.98047016119878, -171.83499113630987, -176.37187585278562, -176.9107188954531, -175.04986522467402, -174.12787811368725, -175.3671424617458, -177.89964851407154, -174.03911253947624, -176.81428361172576, -172.5541164802842, -171.89359990755116, -173.9890175702487, -176.3258656960476, -171.53609929284414, -172.0590213254871, -171.7094802481182, -171.66999956144278, -173.58604865051223, -176.1215924649811, -172.5080033260751, -172.4069547260861, -173.56837439261497, -170.86754891080804, -173.0008864774472, -172.19259266734093, -176.71661444150521, -173.80590048622716, -173.3434160929112, -174.90694885938825, -167.8953511567219, -174.60403363703344, -169.5879054559821, -170.91698400226014, -172.13226775457997, -173.97135489366465, -173.98091001086226, -180.2003263479191, -180.78418149244396, -171.2709348017031, -186.65140238411436, -193.21727000541003, -183.41992997926891, -186.60593466162254, -179.5674470603636, -215.55202942311772, -165.06967841586294]","[960, 960, 960, 960, 960, 960, 960, 960, 960, 960, 960, 960, 960, 960, 960, 960, 960, 960, 960, 960, 960, 960, 960, 960, 960, 960, 960, 960, 960, 960, 960, 960, 960, 960, 960, 960, 960, 960, 960, 960, 960, 960, 960, 960, 960, 960, 960, 960, 960, 960, 960, 960, 960, 960, 960, 960, 960, 960, 960, 960, 960, 960, 960, 960, 960, 960, 960, 960, 960, 960, 960, 960, 960, 960, 960, 960, 960, 960, 960, 960, 960, 960, 960, 960, 960, 960, 960, 960, 960, 960, 960, 960, 960, 960, 960, 960, 960, 960, 960, 960]",9393.853,2129.052,0.223,89698545.766,969.791,20622.99,8.769,600000,600000,600000,600000,29.98461538461538,65.19230769230771,0.0038461538461538464,0.017415364583333336,0.0,3.7252902984619143e-10,0.0005,0.9082998037338257,0.00014013957649083864,0.9235740602016449,-0.00044673681259155273,9.666370764449539e-05,1.541440486907959,0.01
-165.06967841586294,-495.44065467356165,-220.9970330473273,960.0,0,5,620000,0,620000,False,125,31,73e06_00000,d3bad251908341baa6eac6efead41b76,2023-12-17_08-22-31,1702779751,9.325896501541138,290.2234766483307,53224,HPC005,10.33.1.26,290.2234766483307,0,31,"[-438.0737930601513, -469.43807212421984, -489.88790625672, -495.44065467356165, -476.32713278712555, -396.14310991289284, -386.09605674451166, -426.1108789918229, -408.6237760060219, -407.39431605601266, -357.15815364402874, -343.8834082999242, -329.7880518810301, -353.35945899924576, -354.69664066773436, -249.4314439698044, -276.97719841359566, -295.4281027389723, -305.68204193656294, -277.8849074432502, -248.58150018529537, -207.2564325149209, -232.13795831462028, -240.7707041246407, -238.42182276226583, -186.606810329589, -212.04660568222988, -216.21558889904767, -221.76513983936837, -179.1265657438685, -199.41515045745157, -189.85391944773966, -186.51919024458005, -179.29150026814767, -194.88624615340015, -170.01435241433757, -194.24844406916185, -170.7020104819044, -173.9109429479938, -173.36311959991718, -179.93601522912869, -174.9358100731779, -176.09566550285186, -176.62045428340326, -173.2697362226933, -176.7293553807262, -176.59186962820772, -171.8303604156166, -175.10881531183873, -176.68265668745747, -172.99849090649778, -173.0681075602328, -174.2908488712451, -179.98047016119878, -171.83499113630987, -176.37187585278562, -176.9107188954531, -175.04986522467402, -174.12787811368725, -175.3671424617458, -177.89964851407154, -174.03911253947624, -176.81428361172576, -172.5541164802842, -171.89359990755116, -173.9890175702487, -176.3258656960476, -171.53609929284414, -172.0590213254871, -171.7094802481182, -171.66999956144278, -173.58604865051223, -176.1215924649811, -172.5080033260751, -172.4069547260861, -173.56837439261497, -170.86754891080804, -173.0008864774472, -172.19259266734093, -176.71661444150521, -173.80590048622716, -173.3434160929112, -174.90694885938825, -167.8953511567219, -174.60403363703344, -169.5879054559821, -170.91698400226014, -172.13226775457997, -173.97135489366465, -173.98091001086226, -180.2003263479191, -180.78418149244396, -171.2709348017031, -186.65140238411436, -193.21727000541003, -183.41992997926891, -186.60593466162254, -179.5674470603636, -215.55202942311772, -165.06967841586294]","[960, 960, 960, 960, 960, 960, 960, 960, 960, 960, 960, 960, 960, 960, 960, 960, 960, 960, 960, 960, 960, 960, 960, 960, 960, 960, 960, 960, 960, 960, 960, 960, 960, 960, 960, 960, 960, 960, 960, 960, 960, 960, 960, 960, 960, 960, 960, 960, 960, 960, 960, 960, 960, 960, 960, 960, 960, 960, 960, 960, 960, 960, 960, 960, 960, 960, 960, 960, 960, 960, 960, 960, 960, 960, 960, 960, 960, 960, 960, 960, 960, 960, 960, 960, 960, 960, 960, 960, 960, 960, 960, 960, 960, 960, 960, 960, 960, 960, 960, 960]",9392.801,2129.29,0.223,89727329.126,967.637,20668.908,8.797,620000,620000,620000,620000,29.75833333333333,65.11666666666667,0.0025,0.017415364583333336,0.0,1.8626451492309571e-10,0.0005,0.8154275119304657,-0.00010966911610310603,0.8310088515281677,-0.0003727078437805176,5.47481195565247e-05,1.5471616983413696,0.01
-165.06967841586294,-426.1108789918229,-206.47498036388697,960.0,5,5,640000,0,640000,False,130,32,73e06_00000,d3bad251908341baa6eac6efead41b76,2023-12-17_08-22-40,1702779760,9.403698921203613,299.6271755695343,53224,HPC005,10.33.1.26,299.6271755695343,0,32,"[-396.14310991289284, -386.09605674451166, -426.1108789918229, -408.6237760060219, -407.39431605601266, -357.15815364402874, -343.8834082999242, -329.7880518810301, -353.35945899924576, -354.69664066773436, -249.4314439698044, -276.97719841359566, -295.4281027389723, -305.68204193656294, -277.8849074432502, -248.58150018529537, -207.2564325149209, -232.13795831462028, -240.7707041246407, -238.42182276226583, -186.606810329589, -212.04660568222988, -216.21558889904767, -221.76513983936837, -179.1265657438685, -199.41515045745157, -189.85391944773966, -186.51919024458005, -179.29150026814767, -194.88624615340015, -170.01435241433757, -194.24844406916185, -170.7020104819044, -173.9109429479938, -173.36311959991718, -179.93601522912869, -174.9358100731779, -176.09566550285186, -176.62045428340326, -173.2697362226933, -176.7293553807262, -176.59186962820772, -171.8303604156166, -175.10881531183873, -176.68265668745747, -172.99849090649778, -173.0681075602328, -174.2908488712451, -179.98047016119878, -171.83499113630987, -176.37187585278562, -176.9107188954531, -175.04986522467402, -174.12787811368725, -175.3671424617458, -177.89964851407154, -174.03911253947624, -176.81428361172576, -172.5541164802842, -171.89359990755116, -173.9890175702487, -176.3258656960476, -171.53609929284414, -172.0590213254871, -171.7094802481182, -171.66999956144278, -173.58604865051223, -176.1215924649811, -172.5080033260751, -172.4069547260861, -173.56837439261497, -170.86754891080804, -173.0008864774472, -172.19259266734093, -176.71661444150521, -173.80590048622716, -173.3434160929112, -174.90694885938825, -167.8953511567219, -174.60403363703344, -169.5879054559821, -170.91698400226014, -172.13226775457997, -173.97135489366465, -173.98091001086226, -180.2003263479191, -180.78418149244396, -171.2709348017031, -186.65140238411436, -193.21727000541003, -183.41992997926891, -186.60593466162254, -179.5674470603636, -215.55202942311772, -165.06967841586294, -182.78843652422813, -180.95402582746775, -176.189791825413, -198.52323326398894, -178.50680311664337]","[960, 960, 960, 960, 960, 960, 960, 960, 960, 960, 960, 960, 960, 960, 960, 960, 960, 960, 960, 960, 960, 960, 960, 960, 960, 960, 960, 960, 960, 960, 960, 960, 960, 960, 960, 960, 960, 960, 960, 960, 960, 960, 960, 960, 960, 960, 960, 960, 960, 960, 960, 960, 960, 960, 960, 960, 960, 960, 960, 960, 960, 960, 960, 960, 960, 960, 960, 960, 960, 960, 960, 960, 960, 960, 960, 960, 960, 960, 960, 960, 960, 960, 960, 960, 960, 960, 960, 960, 960, 960, 960, 960, 960, 960, 960, 960, 960, 960, 960, 960]",9395.414,2128.698,0.223,89612306.378,966.216,20699.316,8.648,640000,640000,640000,640000,29.958333333333332,65.02499999999999,0.005833333333333334,0.017415364583333336,0.0,9.313225746154786e-11,0.0005,0.7763583660125732,-0.00010204810933167607,0.7918945848941803,0.0002206861972808838,6.380063160893457e-05,1.543419063091278,0.01
-165.06967841586294,-357.15815364402874,-195.36958654250597,960.0,5,5,660000,0,660000,False,135,33,73e06_00000,d3bad251908341baa6eac6efead41b76,2023-12-17_08-22-50,1702779770,9.387099742889404,309.0142753124237,53224,HPC005,10.33.1.26,309.0142753124237,0,33,"[-357.15815364402874, -343.8834082999242, -329.7880518810301, -353.35945899924576, -354.69664066773436, -249.4314439698044, -276.97719841359566, -295.4281027389723, -305.68204193656294, -277.8849074432502, -248.58150018529537, -207.2564325149209, -232.13795831462028, -240.7707041246407, -238.42182276226583, -186.606810329589, -212.04660568222988, -216.21558889904767, -221.76513983936837, -179.1265657438685, -199.41515045745157, -189.85391944773966, -186.51919024458005, -179.29150026814767, -194.88624615340015, -170.01435241433757, -194.24844406916185, -170.7020104819044, -173.9109429479938, -173.36311959991718, -179.93601522912869, -174.9358100731779, -176.09566550285186, -176.62045428340326, -173.2697362226933, -176.7293553807262, -176.59186962820772, -171.8303604156166, -175.10881531183873, -176.68265668745747, -172.99849090649778, -173.0681075602328, -174.2908488712451, -179.98047016119878, -171.83499113630987, -176.37187585278562, -176.9107188954531, -175.04986522467402, -174.12787811368725, -175.3671424617458, -177.89964851407154, -174.03911253947624, -176.81428361172576, -172.5541164802842, -171.89359990755116, -173.9890175702487, -176.3258656960476, -171.53609929284414, -172.0590213254871, -171.7094802481182, -171.66999956144278, -173.58604865051223, -176.1215924649811, -172.5080033260751, -172.4069547260861, -173.56837439261497, -170.86754891080804, -173.0008864774472, -172.19259266734093, -176.71661444150521, -173.80590048622716, -173.3434160929112, -174.90694885938825, -167.8953511567219, -174.60403363703344, -169.5879054559821, -170.91698400226014, -172.13226775457997, -173.97135489366465, -173.98091001086226, -180.2003263479191, -180.78418149244396, -171.2709348017031, -186.65140238411436, -193.21727000541003, -183.41992997926891, -186.60593466162254, -179.5674470603636, -215.55202942311772, -165.06967841586294, -182.78843652422813, -180.95402582746775, -176.189791825413, -198.52323326398894, -178.50680311664337, -172.20591272946564, -188.23649969484734, -189.13307074562758, -182.72768512170634, -181.52558728151618]","[960, 960, 960, 960, 960, 960, 960, 960, 960, 960, 960, 960, 960, 960, 960, 960, 960, 960, 960, 960, 960, 960, 960, 960, 960, 960, 960, 960, 960, 960, 960, 960, 960, 960, 960, 960, 960, 960, 960, 960, 960, 960, 960, 960, 960, 960, 960, 960, 960, 960, 960, 960, 960, 960, 960, 960, 960, 960, 960, 960, 960, 960, 960, 960, 960, 960, 960, 960, 960, 960, 960, 960, 960, 960, 960, 960, 960, 960, 960, 960, 960, 960, 960, 960, 960, 960, 960, 960, 960, 960, 960, 960, 960, 960, 960, 960, 960, 960, 960, 960]",9395.491,2128.681,0.232,86320312.822,964.472,20736.727,8.616,660000,660000,660000,660000,30.000000000000004,65.05384615384615,0.00923076923076923,0.017415364583333336,0.0,4.656612873077393e-11,0.0005,0.8612274527549744,-0.00014552403031853345,0.8767573237419128,-8.660554885864258e-05,5.284853684006663e-05,1.538434624671936,0.01
